               epoch,      train/box_loss,      train/obj_loss,      train/cls_loss,   metrics/precision,      metrics/recall,     metrics/mAP_0.5,metrics/mAP_0.5:0.95,        val/box_loss,        val/obj_loss,        val/cls_loss,               x/lr0,               x/lr1,               x/lr2
                   0,            0.068006,            0.042412,                   0,             0.24154,             0.32165,             0.13827,            0.029467,            0.032951,            0.025852,                   0,            0.070075,            0.003325,            0.003325
                   1,            0.048564,            0.027521,                   0,            0.062116,             0.35313,            0.046907,           0.0098887,            0.037047,             0.01561,                   0,            0.040053,           0.0066364,           0.0066364
                   2,            0.045448,            0.025867,                   0,             0.45013,             0.45594,             0.29977,            0.093566,            0.026916,            0.019623,                   0,            0.010009,           0.0099257,           0.0099257
